comment,category,count
التذاكر خلصت قبل ما تعلنون اصلاً,استياء من الحجز المسبق والتنظيم,65
الي يعرفوها ماحصلو والي ميعرفوها حصلوا ..,استياء من الحجز المسبق والتنظيم,55
مفجوعين ماضل ولا تكت خلص بلهسرعه,استياء من الحجز المسبق والتنظيم,40
ياخي ب10 دقايق كل التكتات خلصت؟؟؟,استياء من الحجز المسبق والتنظيم,35
قهر ما حصلت تذكره واني اسمع بيها من ٢٠١٦ 💔,استياء من الحجز المسبق والتنظيم,25
منو عنده بطاقة اشتريها من عنده ؟؟,طلب شراء / بحث عن تذاكر,40
اريد تذكره وحده سلفر,طلب شراء / بحث عن تذاكر,30
احد يبيع تذكرتين ؟ اشتري,طلب شراء / بحث عن تذاكر,20
عبالك نتائج حتى الموقع صار علي لود وميفتح🤣,مشاكل تقنية وسيرفرات,20
السيرفر علك وكلساع يطلعني,مشاكل تقنية وسيرفرات,15
الموقع معلك بحيث كوة ب 11 ونص حصلت,مشاكل تقنية وسيرفرات,10
السوق السوداء كاعدين يبيعون التذكرة بأضعاف السعر,عرض واستغلال السوق السوداء,25
اشتريت تذكرتين سلفر ابيع الوحدة ب١٥٠ الف,عرض واستغلال السوق السوداء,15
زين سووا اعلنوا عن حفل ثاني راح نحجز رسمي,تفاعل مع إعلان الحفل الثاني,15
شوكت ينفتح حجز الحفل الثاني؟,تفاعل مع إعلان الحفل الثاني,10
اخذتها 🙈🩷 / حجزت🙈,نجاح بالحجز وحماس,8
